{
  "samples": 5000,
  "accuracy": 0.998,
  "precision": 1.0,
  "recall": 0.9604743083003953,
  "f1": 0.9798387096774194,
  "roc_auc": 0.988238879392102,
  "confusion_matrix": [
    [
      4747,
      0
    ],
    [
      10,
      243
    ]
  ]
}